id,label,category,size,centrality
0,Node0,Community3,10,0.0122
1,Node1,Community3,6,0.0164
2,Node2,Community25,7,0.015
3,Node3,Community18,7,0.0107
4,Node4,Community8,16,0.0207
5,Node5,Community28,8,0.0164
6,Node6,Community16,7,0.0214
7,Node7,Community28,9,0.0172
8,Node8,Community10,19,0.0143
9,Node9,Community16,11,0.0179
10,Node10,Community3,7,0.0164
11,Node11,Community11,11,0.0143
12,Node12,Community13,15,0.0157
13,Node13,Community3,6,0.015
14,Node14,Community7,8,0.02
15,Node15,Community29,18,0.0157
16,Node16,Community20,18,0.0164
17,Node17,Community30,6,0.0114
18,Node18,Community1,7,0.0122
19,Node19,Community3,10,0.0179
20,Node20,Community20,6,0.0214
21,Node21,Community13,7,0.0186
22,Node22,Community21,7,0.015
23,Node23,Community6,6,0.0136
24,Node24,Community23,14,0.0122
25,Node25,Community24,13,0.0122
26,Node26,Community10,10,0.0222
27,Node27,Community9,14,0.02
28,Node28,Community3,18,0.0172
29,Node29,Community11,11,0.0114
30,Node30,Community1,15,0.0193
31,Node31,Community4,6,0.0193
32,Node32,Community9,12,0.0236
33,Node33,Community16,5,0.0222
34,Node34,Community15,15,0.0214
35,Node35,Community8,10,0.0193
36,Node36,Community11,15,0.0122
37,Node37,Community13,9,0.0179
38,Node38,Community23,14,0.0114
39,Node39,Community13,7,0.0164
40,Node40,Community28,10,0.015
41,Node41,Community24,5,0.0179
42,Node42,Community6,10,0.0157
43,Node43,Community6,6,0.0207
44,Node44,Community8,11,0.0186
45,Node45,Community17,18,0.0143
46,Node46,Community26,5,0.0172
47,Node47,Community9,13,0.0186
48,Node48,Community11,18,0.0129
49,Node49,Community8,19,0.0229
50,Node50,Community7,13,0.02
51,Node51,Community9,15,0.0179
52,Node52,Community8,14,0.0193
53,Node53,Community14,18,0.0122
54,Node54,Community3,11,0.0186
55,Node55,Community8,20,0.0257
56,Node56,Community5,11,0.0157
57,Node57,Community15,5,0.0172
58,Node58,Community19,7,0.0172
59,Node59,Community14,15,0.01
60,Node60,Community13,11,0.0164
61,Node61,Community28,6,0.0243
62,Node62,Community19,16,0.0157
63,Node63,Community24,12,0.0136
64,Node64,Community18,17,0.015
65,Node65,Community25,12,0.0129
66,Node66,Community12,10,0.0157
67,Node67,Community4,15,0.02
68,Node68,Community23,8,0.0107
69,Node69,Community10,12,0.015
70,Node70,Community27,10,0.0122
71,Node71,Community21,7,0.0172
72,Node72,Community27,15,0.0172
73,Node73,Community6,10,0.0107
74,Node74,Community13,15,0.0122
75,Node75,Community29,13,0.0086
76,Node76,Community20,7,0.0179
77,Node77,Community4,5,0.0157
78,Node78,Community13,8,0.0122
79,Node79,Community15,5,0.0164
80,Node80,Community20,5,0.0157
81,Node81,Community8,11,0.0164
82,Node82,Community9,10,0.0172
83,Node83,Community30,12,0.0157
84,Node84,Community19,20,0.0143
85,Node85,Community22,19,0.0136
86,Node86,Community17,8,0.0157
87,Node87,Community21,14,0.0157
88,Node88,Community27,14,0.0122
89,Node89,Community4,18,0.0164
90,Node90,Community18,19,0.0114
91,Node91,Community7,9,0.0172
92,Node92,Community13,17,0.0143
93,Node93,Community29,10,0.0114
94,Node94,Community29,14,0.0093
95,Node95,Community17,20,0.0136
96,Node96,Community2,12,0.0136
97,Node97,Community15,11,0.0214
98,Node98,Community14,13,0.0093
99,Node99,Community21,14,0.01
100,Node100,Community29,12,0.0122
101,Node101,Community9,19,0.0193
102,Node102,Community22,10,0.0143
103,Node103,Community3,7,0.02
104,Node104,Community19,7,0.0114
105,Node105,Community14,16,0.015
106,Node106,Community8,9,0.0172
107,Node107,Community24,5,0.015
108,Node108,Community25,20,0.0143
109,Node109,Community8,9,0.0222
110,Node110,Community1,20,0.0157
111,Node111,Community22,16,0.0172
112,Node112,Community6,12,0.0172
113,Node113,Community5,13,0.0086
114,Node114,Community26,15,0.0143
115,Node115,Community28,10,0.02
116,Node116,Community17,8,0.0157
117,Node117,Community14,7,0.01
118,Node118,Community23,11,0.0136
119,Node119,Community11,14,0.01
120,Node120,Community6,20,0.0129
121,Node121,Community29,20,0.0129
122,Node122,Community8,18,0.0229
123,Node123,Community29,14,0.0107
124,Node124,Community2,17,0.0086
125,Node125,Community22,12,0.0193
126,Node126,Community20,12,0.0186
127,Node127,Community16,17,0.0229
128,Node128,Community4,6,0.0186
129,Node129,Community8,14,0.0193
130,Node130,Community10,13,0.0193
131,Node131,Community20,7,0.0193
132,Node132,Community23,20,0.0129
133,Node133,Community26,6,0.0207
134,Node134,Community20,11,0.015
135,Node135,Community17,8,0.0157
136,Node136,Community12,17,0.0093
137,Node137,Community17,20,0.0164
138,Node138,Community6,11,0.0172
139,Node139,Community7,9,0.0164
140,Node140,Community9,7,0.0193
141,Node141,Community11,15,0.0093
142,Node142,Community19,17,0.0207
143,Node143,Community29,13,0.0129
144,Node144,Community19,5,0.0179
145,Node145,Community9,9,0.0136
146,Node146,Community5,9,0.0186
147,Node147,Community1,11,0.0114
148,Node148,Community15,7,0.0136
149,Node149,Community14,15,0.0114
150,Node150,Community30,17,0.0136
151,Node151,Community19,13,0.0186
152,Node152,Community2,13,0.0129
153,Node153,Community6,7,0.0179
154,Node154,Community12,8,0.0122
155,Node155,Community21,19,0.0136
156,Node156,Community2,17,0.0122
157,Node157,Community18,10,0.0093
158,Node158,Community5,10,0.0164
159,Node159,Community1,15,0.0157
160,Node160,Community21,5,0.0157
161,Node161,Community1,16,0.0136
162,Node162,Community12,12,0.0136
163,Node163,Community21,8,0.0186
164,Node164,Community19,12,0.0136
165,Node165,Community3,10,0.015
166,Node166,Community22,8,0.0143
167,Node167,Community25,14,0.0136
168,Node168,Community21,18,0.0122
169,Node169,Community23,5,0.01
170,Node170,Community4,16,0.0164
171,Node171,Community8,18,0.0236
172,Node172,Community15,15,0.0172
173,Node173,Community9,10,0.0179
174,Node174,Community15,18,0.0172
175,Node175,Community2,13,0.0143
176,Node176,Community13,7,0.0179
177,Node177,Community8,13,0.0222
178,Node178,Community13,13,0.0164
179,Node179,Community28,8,0.0129
180,Node180,Community24,8,0.0129
181,Node181,Community24,19,0.0122
182,Node182,Community26,12,0.0164
183,Node183,Community15,8,0.0157
184,Node184,Community30,11,0.0129
185,Node185,Community7,10,0.0207
186,Node186,Community16,14,0.0193
187,Node187,Community3,5,0.0179
188,Node188,Community14,11,0.0114
189,Node189,Community9,15,0.0164
190,Node190,Community22,6,0.0129
191,Node191,Community1,5,0.0143
192,Node192,Community10,18,0.0143
193,Node193,Community21,6,0.0172
194,Node194,Community21,9,0.0179
195,Node195,Community6,16,0.0114
196,Node196,Community23,16,0.0136
197,Node197,Community26,15,0.0243
198,Node198,Community3,15,0.0193
199,Node199,Community28,13,0.0136
200,Node200,Community1,9,0.015
201,Node201,Community14,15,0.0129
202,Node202,Community9,18,0.0179
203,Node203,Community19,10,0.015
204,Node204,Community13,9,0.0172
205,Node205,Community22,10,0.0172
206,Node206,Community11,5,0.0107
207,Node207,Community10,16,0.0172
208,Node208,Community4,10,0.0214
209,Node209,Community2,18,0.0122
210,Node210,Community4,12,0.0157
211,Node211,Community12,5,0.0143
212,Node212,Community8,6,0.0214
213,Node213,Community23,14,0.0107
214,Node214,Community27,10,0.0136
215,Node215,Community21,9,0.0129
216,Node216,Community24,6,0.0136
217,Node217,Community5,9,0.0186
218,Node218,Community25,17,0.0164
219,Node219,Community30,10,0.0107
220,Node220,Community29,7,0.0157
221,Node221,Community26,15,0.0164
222,Node222,Community6,16,0.0179
223,Node223,Community4,14,0.01
224,Node224,Community5,20,0.0143
225,Node225,Community22,16,0.0136
226,Node226,Community1,9,0.0093
227,Node227,Community23,9,0.01
228,Node228,Community13,6,0.0164
229,Node229,Community1,14,0.0143
230,Node230,Community30,20,0.015
231,Node231,Community6,16,0.0172
232,Node232,Community15,15,0.0193
233,Node233,Community2,9,0.0157
234,Node234,Community20,17,0.0179
235,Node235,Community19,12,0.015
236,Node236,Community17,11,0.0164
237,Node237,Community21,6,0.0157
238,Node238,Community27,9,0.0172
239,Node239,Community16,11,0.0207
240,Node240,Community11,6,0.0129
241,Node241,Community2,20,0.015
242,Node242,Community12,10,0.015
243,Node243,Community2,16,0.0122
244,Node244,Community10,5,0.0172
245,Node245,Community30,8,0.0114
246,Node246,Community15,6,0.0157
247,Node247,Community9,11,0.015
248,Node248,Community16,8,0.0229
249,Node249,Community6,5,0.0157
250,Node250,Community3,11,0.0186
251,Node251,Community6,18,0.0122
252,Node252,Community28,10,0.02
253,Node253,Community24,15,0.0164
254,Node254,Community20,13,0.02
255,Node255,Community8,6,0.0272
256,Node256,Community7,7,0.0179
257,Node257,Community25,7,0.0143
258,Node258,Community7,10,0.0164
259,Node259,Community20,17,0.0193
260,Node260,Community10,9,0.0164
261,Node261,Community19,8,0.0143
262,Node262,Community3,13,0.0214
263,Node263,Community15,10,0.0143
264,Node264,Community21,18,0.015
265,Node265,Community15,17,0.0129
266,Node266,Community9,15,0.0207
267,Node267,Community9,20,0.0172
268,Node268,Community1,15,0.015
269,Node269,Community11,16,0.01
270,Node270,Community3,16,0.0186
271,Node271,Community27,5,0.0143
272,Node272,Community7,7,0.0143
273,Node273,Community24,15,0.0172
274,Node274,Community8,5,0.0236
275,Node275,Community13,15,0.0164
276,Node276,Community17,11,0.0214
277,Node277,Community18,9,0.01
278,Node278,Community22,17,0.0114
279,Node279,Community27,15,0.0086
280,Node280,Community16,6,0.0236
281,Node281,Community23,17,0.0136
282,Node282,Community19,20,0.0129
283,Node283,Community1,12,0.01
284,Node284,Community15,19,0.0172
285,Node285,Community24,16,0.0179
286,Node286,Community27,16,0.0214
287,Node287,Community12,11,0.0157
288,Node288,Community23,14,0.0114
289,Node289,Community16,9,0.0157
290,Node290,Community30,14,0.0107
291,Node291,Community15,8,0.0157
292,Node292,Community8,18,0.0164
293,Node293,Community8,14,0.0214
294,Node294,Community20,16,0.0207
295,Node295,Community7,6,0.0207
296,Node296,Community4,6,0.0136
297,Node297,Community6,8,0.0143
298,Node298,Community26,5,0.0164
299,Node299,Community11,13,0.0136
300,Node300,Community17,20,0.0157
301,Node301,Community16,12,0.0229
302,Node302,Community3,9,0.0222
303,Node303,Community29,16,0.0107
304,Node304,Community29,16,0.015
305,Node305,Community15,13,0.0186
306,Node306,Community21,18,0.0157
307,Node307,Community26,6,0.0214
308,Node308,Community5,18,0.0179
309,Node309,Community5,12,0.0172
310,Node310,Community12,8,0.0129
311,Node311,Community23,17,0.0129
312,Node312,Community3,19,0.0214
313,Node313,Community9,18,0.0172
314,Node314,Community25,10,0.0143
315,Node315,Community8,8,0.0222
316,Node316,Community21,5,0.0129
317,Node317,Community9,19,0.02
318,Node318,Community10,7,0.0107
319,Node319,Community5,19,0.0186
320,Node320,Community20,14,0.0157
321,Node321,Community23,13,0.0179
322,Node322,Community18,9,0.0143
323,Node323,Community18,17,0.01
324,Node324,Community14,7,0.0107
325,Node325,Community11,6,0.0136
326,Node326,Community28,20,0.0179
327,Node327,Community16,17,0.0179
328,Node328,Community5,8,0.0157
329,Node329,Community3,10,0.02
330,Node330,Community24,10,0.0136
331,Node331,Community4,12,0.0157
332,Node332,Community1,10,0.0172
333,Node333,Community20,7,0.0214
334,Node334,Community8,9,0.02
335,Node335,Community25,17,0.0136
336,Node336,Community17,7,0.0136
337,Node337,Community4,7,0.02
338,Node338,Community3,11,0.0186
339,Node339,Community10,12,0.0143
340,Node340,Community8,8,0.0129
341,Node341,Community26,10,0.0107
342,Node342,Community11,13,0.0086
343,Node343,Community27,20,0.0179
344,Node344,Community1,7,0.0157
345,Node345,Community29,9,0.0164
346,Node346,Community1,19,0.0129
347,Node347,Community22,19,0.0186
348,Node348,Community26,11,0.0136
349,Node349,Community18,19,0.0164
350,Node350,Community13,18,0.0172
351,Node351,Community15,19,0.0157
352,Node352,Community20,6,0.0186
353,Node353,Community16,13,0.0229
354,Node354,Community15,16,0.0164
355,Node355,Community2,9,0.0107
356,Node356,Community17,16,0.0179
357,Node357,Community8,5,0.0179
358,Node358,Community17,11,0.0164
359,Node359,Community24,19,0.0122
360,Node360,Community14,12,0.0093
361,Node361,Community1,9,0.0122
362,Node362,Community3,10,0.0229
363,Node363,Community1,11,0.0129
364,Node364,Community4,17,0.0186
365,Node365,Community3,10,0.0129
366,Node366,Community27,9,0.015
367,Node367,Community12,7,0.0164
368,Node368,Community8,6,0.0207
369,Node369,Community21,14,0.0157
370,Node370,Community27,9,0.0136
371,Node371,Community29,7,0.0107
372,Node372,Community3,7,0.0236
373,Node373,Community25,10,0.0136
374,Node374,Community19,15,0.0172
375,Node375,Community21,9,0.0157
376,Node376,Community24,10,0.0129
377,Node377,Community22,5,0.0136
378,Node378,Community2,12,0.0086
379,Node379,Community1,14,0.015
380,Node380,Community13,18,0.0136
381,Node381,Community4,17,0.0179
382,Node382,Community13,7,0.0129
383,Node383,Community9,12,0.0229
384,Node384,Community28,20,0.0129
385,Node385,Community16,8,0.0264
386,Node386,Community9,13,0.015
387,Node387,Community2,5,0.0129
388,Node388,Community7,19,0.0136
389,Node389,Community7,17,0.02
390,Node390,Community17,5,0.0143
391,Node391,Community30,19,0.0107
392,Node392,Community15,9,0.0157
393,Node393,Community23,20,0.0129
394,Node394,Community17,12,0.0186
395,Node395,Community12,19,0.0136
396,Node396,Community7,17,0.0136
397,Node397,Community8,16,0.0214
398,Node398,Community20,15,0.0172
399,Node399,Community25,8,0.0157
400,Node400,Community29,18,0.0107
401,Node401,Community28,13,0.0179
402,Node402,Community22,16,0.0136
403,Node403,Community23,8,0.015
404,Node404,Community26,12,0.0172
405,Node405,Community4,10,0.0186
406,Node406,Community20,16,0.0179
407,Node407,Community17,6,0.0186
408,Node408,Community20,14,0.0164
409,Node409,Community27,12,0.0136
410,Node410,Community24,9,0.0136
411,Node411,Community11,12,0.0129
412,Node412,Community25,17,0.0143
413,Node413,Community7,12,0.0179
414,Node414,Community12,8,0.0136
415,Node415,Community23,8,0.0136
416,Node416,Community16,14,0.0193
417,Node417,Community30,8,0.0122
418,Node418,Community18,10,0.0129
419,Node419,Community9,20,0.0229
420,Node420,Community16,7,0.0179
421,Node421,Community29,16,0.0136
422,Node422,Community23,19,0.0143
423,Node423,Community14,6,0.0179
424,Node424,Community27,20,0.0157
425,Node425,Community5,16,0.0172
426,Node426,Community20,8,0.0229
427,Node427,Community11,9,0.0172
428,Node428,Community24,11,0.0129
429,Node429,Community22,12,0.0122
430,Node430,Community29,18,0.0143
431,Node431,Community5,6,0.0157
432,Node432,Community23,12,0.0114
433,Node433,Community29,7,0.0136
434,Node434,Community24,19,0.0136
435,Node435,Community30,17,0.0107
436,Node436,Community1,10,0.0164
437,Node437,Community29,15,0.0107
438,Node438,Community19,12,0.01
439,Node439,Community24,20,0.0136
440,Node440,Community2,8,0.0114
441,Node441,Community29,8,0.01
442,Node442,Community25,20,0.0129
443,Node443,Community4,13,0.0136
444,Node444,Community1,16,0.0172
445,Node445,Community2,20,0.0086
446,Node446,Community6,18,0.0179
447,Node447,Community9,12,0.0143
448,Node448,Community30,9,0.0114
449,Node449,Community28,13,0.0179
450,Node450,Community21,18,0.0122
451,Node451,Community13,9,0.0236
452,Node452,Community13,10,0.0143
453,Node453,Community21,19,0.0172
454,Node454,Community25,14,0.01
455,Node455,Community18,6,0.0129
456,Node456,Community13,10,0.0172
457,Node457,Community7,16,0.0207
458,Node458,Community1,7,0.0164
459,Node459,Community6,10,0.0122
460,Node460,Community26,15,0.0129
461,Node461,Community8,10,0.0229
462,Node462,Community30,15,0.01
463,Node463,Community4,19,0.0193
464,Node464,Community8,13,0.0214
465,Node465,Community25,18,0.0136
466,Node466,Community3,12,0.0207
467,Node467,Community10,14,0.0136
468,Node468,Community5,13,0.0143
469,Node469,Community10,5,0.0157
470,Node470,Community24,14,0.01
471,Node471,Community5,15,0.015
472,Node472,Community9,6,0.015
473,Node473,Community3,12,0.0122
474,Node474,Community30,15,0.0136
475,Node475,Community11,10,0.0157
476,Node476,Community9,12,0.0186
477,Node477,Community13,8,0.0179
478,Node478,Community8,6,0.0222
479,Node479,Community28,14,0.0164
480,Node480,Community9,15,0.02
481,Node481,Community7,7,0.0179
482,Node482,Community20,16,0.0164
483,Node483,Community24,19,0.0164
484,Node484,Community13,9,0.0079
485,Node485,Community25,8,0.0114
486,Node486,Community22,13,0.0129
487,Node487,Community1,10,0.0114
488,Node488,Community29,16,0.0129
489,Node489,Community23,20,0.0143
490,Node490,Community3,19,0.0157
491,Node491,Community22,8,0.0172
492,Node492,Community4,17,0.015
493,Node493,Community7,20,0.0122
494,Node494,Community16,11,0.0157
495,Node495,Community1,8,0.0164
496,Node496,Community9,13,0.0186
497,Node497,Community23,17,0.0136
498,Node498,Community27,5,0.0172
499,Node499,Community4,9,0.0207
500,Node500,Community8,14,0.0207
501,Node501,Community6,11,0.015
502,Node502,Community28,19,0.0172
503,Node503,Community27,17,0.0164
504,Node504,Community13,16,0.0129
505,Node505,Community30,6,0.0129
506,Node506,Community28,11,0.015
507,Node507,Community3,19,0.0164
508,Node508,Community10,11,0.0157
509,Node509,Community20,16,0.015
510,Node510,Community21,12,0.0136
511,Node511,Community7,6,0.0179
512,Node512,Community5,16,0.0179
513,Node513,Community14,12,0.01
514,Node514,Community15,13,0.0164
515,Node515,Community14,12,0.0143
516,Node516,Community7,8,0.0193
517,Node517,Community19,13,0.0222
518,Node518,Community23,7,0.0129
519,Node519,Community27,8,0.0186
520,Node520,Community29,11,0.01
521,Node521,Community22,14,0.0143
522,Node522,Community1,13,0.0136
523,Node523,Community20,15,0.0207
524,Node524,Community26,14,0.0157
525,Node525,Community27,5,0.0179
526,Node526,Community1,20,0.0129
527,Node527,Community12,19,0.0143
528,Node528,Community17,20,0.0193
529,Node529,Community9,8,0.0179
530,Node530,Community6,6,0.0143
531,Node531,Community5,12,0.0157
532,Node532,Community2,15,0.0114
533,Node533,Community15,15,0.0179
534,Node534,Community3,14,0.0172
535,Node535,Community14,9,0.0086
536,Node536,Community18,11,0.0143
537,Node537,Community22,15,0.0179
538,Node538,Community8,16,0.0229
539,Node539,Community11,11,0.0136
540,Node540,Community26,14,0.0157
541,Node541,Community16,12,0.0243
542,Node542,Community10,9,0.0157
543,Node543,Community8,5,0.015
544,Node544,Community21,19,0.0214
545,Node545,Community19,9,0.0179
546,Node546,Community4,18,0.0172
547,Node547,Community30,18,0.0136
548,Node548,Community4,6,0.0193
549,Node549,Community22,5,0.0143
550,Node550,Community6,18,0.0179
551,Node551,Community30,15,0.0129
552,Node552,Community1,19,0.0114
553,Node553,Community11,13,0.0172
554,Node554,Community27,5,0.0172
555,Node555,Community14,13,0.0129
556,Node556,Community30,6,0.0122
557,Node557,Community7,13,0.0214
558,Node558,Community24,18,0.0122
559,Node559,Community5,15,0.0207
560,Node560,Community5,13,0.0164
561,Node561,Community9,16,0.0186
562,Node562,Community15,16,0.0157
563,Node563,Community28,11,0.015
564,Node564,Community2,15,0.0172
565,Node565,Community23,16,0.0093
566,Node566,Community10,13,0.0122
567,Node567,Community13,7,0.0164
568,Node568,Community23,16,0.0143
569,Node569,Community25,19,0.0143
570,Node570,Community20,6,0.0179
571,Node571,Community27,19,0.015
572,Node572,Community2,15,0.015
573,Node573,Community7,7,0.0172
574,Node574,Community16,18,0.0214
575,Node575,Community17,15,0.0172
576,Node576,Community30,6,0.0107
577,Node577,Community22,12,0.0164
578,Node578,Community30,6,0.0107
579,Node579,Community26,12,0.0186
580,Node580,Community14,11,0.0143
581,Node581,Community17,12,0.0157
582,Node582,Community13,9,0.015
583,Node583,Community16,14,0.0214
584,Node584,Community12,5,0.0143
585,Node585,Community7,12,0.0172
586,Node586,Community27,9,0.01
587,Node587,Community15,6,0.015
588,Node588,Community18,6,0.0114
589,Node589,Community7,8,0.0193
590,Node590,Community2,8,0.01
591,Node591,Community11,19,0.0114
592,Node592,Community3,9,0.0264
593,Node593,Community18,16,0.0122
594,Node594,Community6,20,0.015
595,Node595,Community12,15,0.0114
596,Node596,Community2,13,0.0107
597,Node597,Community22,9,0.0129
598,Node598,Community23,19,0.0093
599,Node599,Community29,13,0.0157
600,Node600,Community7,19,0.02
601,Node601,Community17,16,0.0164
602,Node602,Community28,10,0.0157
603,Node603,Community6,18,0.015
604,Node604,Community1,12,0.015
605,Node605,Community25,18,0.0157
606,Node606,Community2,11,0.0107
607,Node607,Community25,17,0.0114
608,Node608,Community16,9,0.0243
609,Node609,Community19,8,0.015
610,Node610,Community23,9,0.0136
611,Node611,Community16,13,0.0207
612,Node612,Community15,13,0.0186
613,Node613,Community13,20,0.0164
614,Node614,Community28,5,0.0179
615,Node615,Community7,20,0.02
616,Node616,Community26,13,0.0172
617,Node617,Community3,13,0.0193
618,Node618,Community13,17,0.0136
619,Node619,Community23,7,0.0086
620,Node620,Community10,9,0.0172
621,Node621,Community8,11,0.0222
622,Node622,Community5,7,0.0179
623,Node623,Community30,11,0.0129
624,Node624,Community5,7,0.0164
625,Node625,Community20,9,0.0229
626,Node626,Community28,17,0.015
627,Node627,Community8,14,0.0236
628,Node628,Community21,9,0.0129
629,Node629,Community24,5,0.0129
630,Node630,Community16,19,0.025
631,Node631,Community2,10,0.01
632,Node632,Community2,10,0.0136
633,Node633,Community6,11,0.015
634,Node634,Community8,14,0.02
635,Node635,Community17,19,0.0114
636,Node636,Community12,11,0.01
637,Node637,Community26,5,0.0172
638,Node638,Community14,10,0.0114
639,Node639,Community5,7,0.0179
640,Node640,Community3,5,0.0222
641,Node641,Community19,9,0.0143
642,Node642,Community11,19,0.0157
643,Node643,Community9,18,0.0186
644,Node644,Community28,9,0.0193
645,Node645,Community17,7,0.0172
646,Node646,Community16,10,0.0143
647,Node647,Community26,13,0.0136
648,Node648,Community20,18,0.0157
649,Node649,Community10,7,0.01
650,Node650,Community16,9,0.0257
651,Node651,Community29,15,0.0129
652,Node652,Community2,14,0.0107
653,Node653,Community16,18,0.0243
654,Node654,Community20,10,0.0157
655,Node655,Community17,20,0.015
656,Node656,Community19,18,0.0157
657,Node657,Community11,10,0.015
658,Node658,Community29,12,0.0114
659,Node659,Community1,10,0.0122
660,Node660,Community26,17,0.0143
661,Node661,Community19,18,0.0136
662,Node662,Community22,14,0.015
663,Node663,Community5,19,0.0179
664,Node664,Community20,13,0.0193
665,Node665,Community25,17,0.0157
666,Node666,Community13,16,0.015
667,Node667,Community21,7,0.0214
668,Node668,Community12,9,0.0136
669,Node669,Community16,9,0.0179
670,Node670,Community3,10,0.0207
671,Node671,Community26,10,0.02
672,Node672,Community17,15,0.0172
673,Node673,Community7,10,0.0157
674,Node674,Community15,13,0.0157
675,Node675,Community23,7,0.0114
676,Node676,Community16,18,0.0193
677,Node677,Community4,7,0.02
678,Node678,Community15,18,0.015
679,Node679,Community27,18,0.0172
680,Node680,Community28,18,0.0143
681,Node681,Community17,15,0.0164
682,Node682,Community23,17,0.01
683,Node683,Community24,12,0.0122
684,Node684,Community17,7,0.0157
685,Node685,Community7,17,0.02
686,Node686,Community1,20,0.0143
687,Node687,Community26,9,0.0164
688,Node688,Community20,14,0.0179
689,Node689,Community27,8,0.0164
690,Node690,Community7,18,0.0207
691,Node691,Community30,18,0.0114
692,Node692,Community22,6,0.0236
693,Node693,Community21,15,0.0179
694,Node694,Community22,20,0.0172
695,Node695,Community9,15,0.0157
696,Node696,Community26,19,0.0164
697,Node697,Community22,11,0.015
698,Node698,Community9,10,0.0186
699,Node699,Community26,7,0.0222
700,Node700,Community10,16,0.0179
701,Node701,Community10,9,0.0172
702,Node702,Community26,10,0.015
703,Node703,Community26,8,0.0193
704,Node704,Community1,5,0.0172
705,Node705,Community7,19,0.0179
706,Node706,Community23,11,0.0164
707,Node707,Community30,15,0.0107
708,Node708,Community15,16,0.0143
709,Node709,Community30,9,0.0114
710,Node710,Community6,15,0.0143
711,Node711,Community6,9,0.0143
712,Node712,Community17,10,0.0186
713,Node713,Community4,17,0.0207
714,Node714,Community9,18,0.0186
715,Node715,Community10,18,0.0129
716,Node716,Community4,6,0.0186
717,Node717,Community8,19,0.0157
718,Node718,Community29,9,0.0143
719,Node719,Community17,19,0.015
720,Node720,Community16,14,0.0172
721,Node721,Community1,8,0.0172
722,Node722,Community15,20,0.0129
723,Node723,Community27,5,0.0164
724,Node724,Community26,7,0.0136
725,Node725,Community11,17,0.0136
726,Node726,Community4,8,0.0172
727,Node727,Community16,18,0.0207
728,Node728,Community3,12,0.0172
729,Node729,Community27,20,0.0179
730,Node730,Community13,5,0.0143
731,Node731,Community11,18,0.0122
732,Node732,Community15,19,0.0186
733,Node733,Community22,7,0.015
734,Node734,Community4,7,0.0193
735,Node735,Community16,14,0.0207
736,Node736,Community26,18,0.0157
737,Node737,Community19,9,0.0129
738,Node738,Community20,6,0.02
739,Node739,Community5,16,0.0157
740,Node740,Community4,14,0.0207
741,Node741,Community9,14,0.0157
742,Node742,Community1,18,0.0157
743,Node743,Community19,18,0.0164
744,Node744,Community11,20,0.0129
745,Node745,Community10,20,0.0157
746,Node746,Community5,11,0.0179
747,Node747,Community28,8,0.0179
748,Node748,Community3,5,0.0193
749,Node749,Community18,7,0.0086
750,Node750,Community3,9,0.0164
751,Node751,Community3,10,0.0214
752,Node752,Community7,11,0.0164
753,Node753,Community27,17,0.0172
754,Node754,Community4,9,0.0164
755,Node755,Community30,16,0.01
756,Node756,Community13,14,0.0122
757,Node757,Community25,6,0.015
758,Node758,Community6,19,0.0157
759,Node759,Community13,8,0.0179
760,Node760,Community2,20,0.0107
761,Node761,Community13,8,0.015
762,Node762,Community16,16,0.0193
763,Node763,Community21,7,0.0122
764,Node764,Community18,13,0.0107
765,Node765,Community16,9,0.0179
766,Node766,Community1,17,0.0157
767,Node767,Community7,16,0.0136
768,Node768,Community16,17,0.0214
769,Node769,Community21,18,0.0129
770,Node770,Community29,15,0.01
771,Node771,Community7,9,0.0172
772,Node772,Community16,20,0.0214
773,Node773,Community16,7,0.0229
774,Node774,Community27,18,0.0107
775,Node775,Community4,5,0.0122
776,Node776,Community17,5,0.0186
777,Node777,Community8,19,0.0222
778,Node778,Community16,5,0.0229
779,Node779,Community27,20,0.0107
780,Node780,Community3,8,0.0164
781,Node781,Community12,9,0.0129
782,Node782,Community19,7,0.0193
783,Node783,Community28,13,0.0172
784,Node784,Community19,5,0.0164
785,Node785,Community25,7,0.0122
786,Node786,Community20,9,0.0186
787,Node787,Community13,15,0.0157
788,Node788,Community6,16,0.0143
789,Node789,Community15,18,0.0143
790,Node790,Community10,7,0.0164
791,Node791,Community15,7,0.0136
792,Node792,Community17,13,0.0172
793,Node793,Community11,8,0.0122
794,Node794,Community9,20,0.02
795,Node795,Community10,19,0.0186
796,Node796,Community8,15,0.025
797,Node797,Community9,8,0.0179
798,Node798,Community10,18,0.0143
799,Node799,Community3,12,0.0186
800,Node800,Community26,7,0.0179
801,Node801,Community5,11,0.0172
802,Node802,Community19,16,0.0143
803,Node803,Community5,6,0.0172
804,Node804,Community17,16,0.0193
805,Node805,Community5,17,0.0172
806,Node806,Community2,7,0.0107
807,Node807,Community24,10,0.015
808,Node808,Community15,18,0.015
809,Node809,Community13,12,0.0129
810,Node810,Community12,18,0.0172
811,Node811,Community6,5,0.0164
812,Node812,Community10,7,0.0179
813,Node813,Community18,7,0.0107
814,Node814,Community22,15,0.015
815,Node815,Community21,15,0.0186
816,Node816,Community9,7,0.0179
817,Node817,Community17,5,0.0179
818,Node818,Community7,10,0.0207
819,Node819,Community16,13,0.02
820,Node820,Community10,9,0.0136
821,Node821,Community5,15,0.0172
822,Node822,Community20,9,0.0207
823,Node823,Community24,18,0.0164
824,Node824,Community11,19,0.0136
825,Node825,Community8,15,0.0193
826,Node826,Community2,8,0.0086
827,Node827,Community11,14,0.0086
828,Node828,Community7,20,0.02
829,Node829,Community1,13,0.0172
830,Node830,Community20,6,0.015
831,Node831,Community24,14,0.0136
832,Node832,Community1,10,0.0114
833,Node833,Community29,17,0.0136
834,Node834,Community1,18,0.015
835,Node835,Community3,16,0.02
836,Node836,Community20,20,0.0243
837,Node837,Community20,10,0.02
838,Node838,Community10,6,0.0164
839,Node839,Community28,17,0.0164
840,Node840,Community30,16,0.0136
841,Node841,Community7,13,0.02
842,Node842,Community27,9,0.015
843,Node843,Community13,11,0.0172
844,Node844,Community30,5,0.0093
845,Node845,Community16,10,0.0229
846,Node846,Community15,12,0.0164
847,Node847,Community17,13,0.0157
848,Node848,Community20,19,0.0229
849,Node849,Community19,7,0.015
850,Node850,Community8,14,0.0186
851,Node851,Community1,10,0.015
852,Node852,Community11,14,0.0164
853,Node853,Community14,20,0.0172
854,Node854,Community22,16,0.0172
855,Node855,Community16,14,0.02
856,Node856,Community5,7,0.015
857,Node857,Community12,20,0.0143
858,Node858,Community20,5,0.0172
859,Node859,Community27,9,0.0179
860,Node860,Community20,10,0.0186
861,Node861,Community3,5,0.0186
862,Node862,Community27,9,0.0136
863,Node863,Community23,15,0.0114
864,Node864,Community5,19,0.0193
865,Node865,Community12,17,0.0164
866,Node866,Community16,13,0.02
867,Node867,Community22,9,0.0157
868,Node868,Community8,12,0.0229
869,Node869,Community14,14,0.015
870,Node870,Community6,17,0.0143
871,Node871,Community1,17,0.0164
872,Node872,Community28,20,0.0186
873,Node873,Community4,13,0.0193
874,Node874,Community12,5,0.0143
875,Node875,Community10,12,0.0129
876,Node876,Community3,5,0.0122
877,Node877,Community24,12,0.0129
878,Node878,Community19,7,0.0172
879,Node879,Community27,12,0.0172
880,Node880,Community8,17,0.0207
881,Node881,Community18,6,0.0122
882,Node882,Community17,15,0.015
883,Node883,Community16,9,0.0222
884,Node884,Community17,20,0.0186
885,Node885,Community5,18,0.015
886,Node886,Community22,20,0.0172
887,Node887,Community28,16,0.0172
888,Node888,Community15,6,0.0114
889,Node889,Community18,17,0.0122
890,Node890,Community13,10,0.0193
891,Node891,Community21,20,0.0186
892,Node892,Community18,8,0.0129
893,Node893,Community21,18,0.0114
894,Node894,Community8,14,0.02
895,Node895,Community13,18,0.0186
896,Node896,Community27,5,0.02
897,Node897,Community24,19,0.0136
898,Node898,Community10,14,0.0164
899,Node899,Community6,9,0.0143
900,Node900,Community9,10,0.0193
901,Node901,Community19,12,0.0143
902,Node902,Community25,20,0.02
903,Node903,Community25,15,0.0157
904,Node904,Community14,6,0.0107
905,Node905,Community5,10,0.0186
906,Node906,Community15,8,0.0193
907,Node907,Community8,12,0.0164
908,Node908,Community20,13,0.0186
909,Node909,Community28,12,0.0179
910,Node910,Community12,7,0.01
911,Node911,Community28,5,0.0186
912,Node912,Community12,14,0.0122
913,Node913,Community23,9,0.015
914,Node914,Community11,5,0.0122
915,Node915,Community26,11,0.015
916,Node916,Community28,10,0.015
917,Node917,Community28,16,0.01
918,Node918,Community1,14,0.0186
919,Node919,Community3,12,0.015
920,Node920,Community27,18,0.0143
921,Node921,Community22,16,0.0157
922,Node922,Community3,14,0.0243
923,Node923,Community6,8,0.015
924,Node924,Community4,10,0.0179
925,Node925,Community10,17,0.0179
926,Node926,Community19,20,0.02
927,Node927,Community9,5,0.0193
928,Node928,Community27,10,0.0179
929,Node929,Community21,10,0.0143
930,Node930,Community26,15,0.0157
931,Node931,Community10,18,0.0143
932,Node932,Community22,17,0.0122
933,Node933,Community29,8,0.0093
934,Node934,Community15,12,0.0107
935,Node935,Community29,15,0.0143
936,Node936,Community10,5,0.0143
937,Node937,Community21,17,0.0143
938,Node938,Community18,6,0.0122
939,Node939,Community2,7,0.01
940,Node940,Community12,5,0.015
941,Node941,Community20,8,0.0207
942,Node942,Community20,19,0.0186
943,Node943,Community19,7,0.0143
944,Node944,Community30,5,0.0093
945,Node945,Community8,17,0.0179
946,Node946,Community17,14,0.0143
947,Node947,Community25,11,0.0164
948,Node948,Community28,9,0.0164
949,Node949,Community10,9,0.0143
950,Node950,Community30,14,0.0107
951,Node951,Community6,9,0.0143
952,Node952,Community18,6,0.0093
953,Node953,Community12,5,0.0114
954,Node954,Community19,5,0.0172
955,Node955,Community7,13,0.02
956,Node956,Community29,11,0.0164
957,Node957,Community29,19,0.0129
958,Node958,Community4,12,0.015
959,Node959,Community25,16,0.0107
960,Node960,Community28,13,0.0136
961,Node961,Community26,14,0.0179
962,Node962,Community12,19,0.0122
963,Node963,Community9,10,0.0229
964,Node964,Community22,14,0.0172
965,Node965,Community11,17,0.0136
966,Node966,Community9,9,0.0207
967,Node967,Community21,8,0.0164
968,Node968,Community25,20,0.0122
969,Node969,Community2,16,0.0122
970,Node970,Community10,10,0.0122
971,Node971,Community18,6,0.0093
972,Node972,Community21,8,0.0207
973,Node973,Community24,13,0.0143
974,Node974,Community14,13,0.0107
975,Node975,Community9,13,0.0172
976,Node976,Community26,7,0.0179
977,Node977,Community20,17,0.0186
978,Node978,Community25,19,0.0136
979,Node979,Community4,17,0.0164
980,Node980,Community25,15,0.0157
981,Node981,Community13,19,0.0129
982,Node982,Community3,13,0.0157
983,Node983,Community7,9,0.0207
984,Node984,Community8,9,0.0207
985,Node985,Community1,19,0.015
986,Node986,Community9,8,0.0214
987,Node987,Community4,6,0.0179
988,Node988,Community22,18,0.0136
989,Node989,Community15,11,0.0164
990,Node990,Community27,17,0.0129
991,Node991,Community3,5,0.0179
992,Node992,Community21,9,0.015
993,Node993,Community6,8,0.0164
994,Node994,Community2,20,0.0136
995,Node995,Community2,18,0.0114
996,Node996,Community9,7,0.0172
997,Node997,Community20,6,0.0186
998,Node998,Community3,18,0.0207
999,Node999,Community9,7,0.0164
1000,Node1000,Community19,5,0.0157
1001,Node1001,Community14,9,0.015
1002,Node1002,Community28,8,0.0172
1003,Node1003,Community26,7,0.0157
1004,Node1004,Community8,11,0.0207
1005,Node1005,Community7,11,0.0143
1006,Node1006,Community11,18,0.0157
1007,Node1007,Community7,18,0.0179
1008,Node1008,Community5,10,0.015
1009,Node1009,Community22,17,0.0172
1010,Node1010,Community26,9,0.0179
1011,Node1011,Community1,20,0.0186
1012,Node1012,Community8,14,0.02
1013,Node1013,Community16,6,0.0214
1014,Node1014,Community9,19,0.0172
1015,Node1015,Community15,12,0.0179
1016,Node1016,Community8,9,0.0186
1017,Node1017,Community28,17,0.0243
1018,Node1018,Community14,10,0.0122
1019,Node1019,Community5,10,0.0193
1020,Node1020,Community30,7,0.0129
1021,Node1021,Community5,6,0.0179
1022,Node1022,Community8,17,0.0172
1023,Node1023,Community16,15,0.0136
1024,Node1024,Community19,13,0.015
1025,Node1025,Community13,6,0.0193
1026,Node1026,Community16,15,0.015
1027,Node1027,Community29,9,0.0179
1028,Node1028,Community10,16,0.01
1029,Node1029,Community6,19,0.0179
1030,Node1030,Community25,11,0.0114
1031,Node1031,Community5,12,0.0172
1032,Node1032,Community9,5,0.0186
1033,Node1033,Community8,7,0.0186
1034,Node1034,Community24,9,0.0129
1035,Node1035,Community19,7,0.0107
1036,Node1036,Community8,8,0.02
1037,Node1037,Community10,15,0.0172
1038,Node1038,Community5,13,0.0107
1039,Node1039,Community16,12,0.0236
1040,Node1040,Community20,14,0.0157
1041,Node1041,Community6,8,0.0164
1042,Node1042,Community20,12,0.0157
1043,Node1043,Community4,11,0.015
1044,Node1044,Community17,17,0.0143
1045,Node1045,Community7,12,0.0222
1046,Node1046,Community10,7,0.0179
1047,Node1047,Community16,8,0.0186
1048,Node1048,Community1,19,0.0179
1049,Node1049,Community25,11,0.01
1050,Node1050,Community19,7,0.015
1051,Node1051,Community15,13,0.0172
1052,Node1052,Community24,17,0.0136
1053,Node1053,Community21,11,0.0122
1054,Node1054,Community23,19,0.0136
1055,Node1055,Community13,19,0.0214
1056,Node1056,Community17,20,0.0179
1057,Node1057,Community5,19,0.0122
1058,Node1058,Community7,14,0.0143
1059,Node1059,Community4,20,0.0179
1060,Node1060,Community11,9,0.0114
1061,Node1061,Community13,19,0.0207
1062,Node1062,Community19,12,0.015
1063,Node1063,Community12,18,0.0122
1064,Node1064,Community18,13,0.0136
1065,Node1065,Community25,13,0.01
1066,Node1066,Community29,8,0.0143
1067,Node1067,Community29,13,0.0136
1068,Node1068,Community28,16,0.0172
1069,Node1069,Community7,14,0.015
1070,Node1070,Community28,10,0.0179
1071,Node1071,Community17,8,0.0236
1072,Node1072,Community16,5,0.0164
1073,Node1073,Community19,7,0.0129
1074,Node1074,Community12,13,0.0129
1075,Node1075,Community27,20,0.0143
1076,Node1076,Community6,17,0.0136
1077,Node1077,Community4,5,0.0193
1078,Node1078,Community25,13,0.015
1079,Node1079,Community21,9,0.0136
1080,Node1080,Community17,7,0.0093
1081,Node1081,Community7,9,0.015
1082,Node1082,Community1,15,0.0164
1083,Node1083,Community28,11,0.0172
1084,Node1084,Community26,11,0.0164
1085,Node1085,Community15,6,0.0186
1086,Node1086,Community7,18,0.0143
1087,Node1087,Community6,20,0.0193
1088,Node1088,Community28,17,0.0193
1089,Node1089,Community4,14,0.02
1090,Node1090,Community9,7,0.0186
1091,Node1091,Community3,7,0.0172
1092,Node1092,Community28,15,0.0157
1093,Node1093,Community30,8,0.0136
1094,Node1094,Community16,7,0.0186
1095,Node1095,Community17,20,0.0157
1096,Node1096,Community10,19,0.0136
1097,Node1097,Community16,10,0.0272
1098,Node1098,Community10,20,0.0157
1099,Node1099,Community5,12,0.0172
1100,Node1100,Community26,18,0.0172
1101,Node1101,Community28,10,0.0179
1102,Node1102,Community11,6,0.0143
1103,Node1103,Community24,5,0.0143
1104,Node1104,Community25,17,0.0179
1105,Node1105,Community11,8,0.0114
1106,Node1106,Community15,20,0.0129
1107,Node1107,Community29,16,0.0114
1108,Node1108,Community11,20,0.0122
1109,Node1109,Community14,14,0.0157
1110,Node1110,Community3,15,0.015
1111,Node1111,Community26,9,0.0172
1112,Node1112,Community23,12,0.0122
1113,Node1113,Community21,17,0.0143
1114,Node1114,Community11,14,0.0157
1115,Node1115,Community7,7,0.0179
1116,Node1116,Community7,11,0.0222
1117,Node1117,Community28,15,0.0172
1118,Node1118,Community2,10,0.0107
1119,Node1119,Community22,9,0.0207
1120,Node1120,Community28,13,0.0172
1121,Node1121,Community3,12,0.0186
1122,Node1122,Community27,15,0.0157
1123,Node1123,Community24,13,0.0172
1124,Node1124,Community22,9,0.0214
1125,Node1125,Community15,5,0.0143
1126,Node1126,Community25,20,0.0172
1127,Node1127,Community28,17,0.0157
1128,Node1128,Community20,8,0.0186
1129,Node1129,Community3,20,0.0179
1130,Node1130,Community14,8,0.0086
1131,Node1131,Community3,13,0.0136
1132,Node1132,Community28,13,0.0214
1133,Node1133,Community26,17,0.0172
1134,Node1134,Community4,17,0.0186
1135,Node1135,Community18,18,0.0107
1136,Node1136,Community6,5,0.0122
1137,Node1137,Community24,20,0.0114
1138,Node1138,Community11,6,0.0093
1139,Node1139,Community4,5,0.0186
1140,Node1140,Community7,10,0.0179
1141,Node1141,Community21,11,0.02
1142,Node1142,Community2,8,0.0129
1143,Node1143,Community13,14,0.0157
1144,Node1144,Community10,20,0.02
1145,Node1145,Community11,8,0.0136
1146,Node1146,Community21,5,0.0143
1147,Node1147,Community26,16,0.0193
1148,Node1148,Community23,10,0.0157
1149,Node1149,Community7,7,0.02
1150,Node1150,Community4,11,0.0122
1151,Node1151,Community8,12,0.02
1152,Node1152,Community29,7,0.0164
1153,Node1153,Community21,9,0.0172
1154,Node1154,Community19,6,0.0143
1155,Node1155,Community23,5,0.0107
1156,Node1156,Community25,13,0.0107
1157,Node1157,Community16,18,0.0179
1158,Node1158,Community21,13,0.0164
1159,Node1159,Community25,8,0.0143
1160,Node1160,Community5,10,0.0122
1161,Node1161,Community14,7,0.0157
1162,Node1162,Community15,13,0.0193
1163,Node1163,Community6,7,0.0164
1164,Node1164,Community19,14,0.0186
1165,Node1165,Community26,6,0.0157
1166,Node1166,Community5,11,0.0186
1167,Node1167,Community26,6,0.0179
1168,Node1168,Community10,15,0.0164
1169,Node1169,Community23,18,0.0079
1170,Node1170,Community9,14,0.025
1171,Node1171,Community12,14,0.0136
1172,Node1172,Community29,11,0.0071
1173,Node1173,Community5,6,0.0164
1174,Node1174,Community22,11,0.0172
1175,Node1175,Community22,17,0.0122
1176,Node1176,Community14,12,0.0093
1177,Node1177,Community12,5,0.0172
1178,Node1178,Community16,11,0.025
1179,Node1179,Community18,14,0.0093
1180,Node1180,Community2,18,0.0093
1181,Node1181,Community12,5,0.0143
1182,Node1182,Community12,9,0.015
1183,Node1183,Community22,18,0.0179
1184,Node1184,Community19,6,0.0172
1185,Node1185,Community14,17,0.0114
1186,Node1186,Community26,14,0.0172
1187,Node1187,Community10,12,0.0164
1188,Node1188,Community10,17,0.0136
1189,Node1189,Community5,5,0.0214
1190,Node1190,Community25,14,0.0129
1191,Node1191,Community22,10,0.01
1192,Node1192,Community14,19,0.0136
1193,Node1193,Community20,13,0.0222
1194,Node1194,Community28,11,0.02
1195,Node1195,Community17,5,0.0122
1196,Node1196,Community29,19,0.0136
1197,Node1197,Community13,9,0.0136
1198,Node1198,Community14,15,0.0129
1199,Node1199,Community4,11,0.0186
1200,Node1200,Community27,12,0.0136
1201,Node1201,Community9,18,0.015
1202,Node1202,Community15,9,0.0157
1203,Node1203,Community16,9,0.0157
1204,Node1204,Community21,6,0.0136
1205,Node1205,Community16,5,0.0222
1206,Node1206,Community15,6,0.0136
1207,Node1207,Community26,10,0.0164
1208,Node1208,Community9,12,0.015
1209,Node1209,Community4,12,0.0164
1210,Node1210,Community24,6,0.015
1211,Node1211,Community7,9,0.0186
1212,Node1212,Community4,10,0.02
1213,Node1213,Community6,14,0.0157
1214,Node1214,Community16,17,0.0164
1215,Node1215,Community20,16,0.0193
1216,Node1216,Community8,8,0.02
1217,Node1217,Community2,15,0.01
1218,Node1218,Community28,11,0.0193
1219,Node1219,Community18,15,0.0114
1220,Node1220,Community13,5,0.015
1221,Node1221,Community5,6,0.0107
1222,Node1222,Community4,6,0.0179
1223,Node1223,Community27,10,0.0107
1224,Node1224,Community18,13,0.0107
1225,Node1225,Community12,19,0.0107
1226,Node1226,Community24,10,0.0143
1227,Node1227,Community30,16,0.01
1228,Node1228,Community22,7,0.0164
1229,Node1229,Community16,11,0.0207
1230,Node1230,Community29,15,0.0157
1231,Node1231,Community2,20,0.0114
1232,Node1232,Community14,17,0.0114
1233,Node1233,Community10,13,0.0172
1234,Node1234,Community27,15,0.0157
1235,Node1235,Community19,8,0.0193
1236,Node1236,Community21,13,0.0172
1237,Node1237,Community16,10,0.015
1238,Node1238,Community3,13,0.0193
1239,Node1239,Community23,5,0.0114
1240,Node1240,Community6,10,0.015
1241,Node1241,Community20,7,0.0222
1242,Node1242,Community14,6,0.0107
1243,Node1243,Community22,12,0.0136
1244,Node1244,Community18,11,0.0136
1245,Node1245,Community19,11,0.0136
1246,Node1246,Community17,19,0.015
1247,Node1247,Community5,19,0.0186
1248,Node1248,Community18,5,0.0114
1249,Node1249,Community4,16,0.015
1250,Node1250,Community22,8,0.0136
1251,Node1251,Community14,13,0.0193
1252,Node1252,Community11,9,0.0107
1253,Node1253,Community8,13,0.02
1254,Node1254,Community25,16,0.0136
1255,Node1255,Community17,9,0.0114
1256,Node1256,Community30,16,0.0129
1257,Node1257,Community27,7,0.0193
1258,Node1258,Community19,8,0.0179
1259,Node1259,Community10,7,0.0172
1260,Node1260,Community27,5,0.0157
1261,Node1261,Community24,10,0.0129
1262,Node1262,Community28,10,0.0207
1263,Node1263,Community19,17,0.02
1264,Node1264,Community13,16,0.0143
1265,Node1265,Community20,12,0.0186
1266,Node1266,Community18,18,0.0086
1267,Node1267,Community25,15,0.0172
1268,Node1268,Community25,10,0.015
1269,Node1269,Community16,9,0.0214
1270,Node1270,Community8,5,0.0179
1271,Node1271,Community7,13,0.0186
1272,Node1272,Community12,9,0.0143
1273,Node1273,Community9,12,0.0214
1274,Node1274,Community8,10,0.02
1275,Node1275,Community3,12,0.0179
1276,Node1276,Community9,15,0.0136
1277,Node1277,Community18,6,0.0129
1278,Node1278,Community14,6,0.0107
1279,Node1279,Community9,9,0.0186
1280,Node1280,Community7,13,0.0157
1281,Node1281,Community16,9,0.02
1282,Node1282,Community9,5,0.0157
1283,Node1283,Community28,12,0.0172
1284,Node1284,Community7,16,0.0164
1285,Node1285,Community21,12,0.0186
1286,Node1286,Community13,13,0.0164
1287,Node1287,Community11,8,0.0172
1288,Node1288,Community11,16,0.0114
1289,Node1289,Community5,6,0.0186
1290,Node1290,Community9,17,0.0186
1291,Node1291,Community5,10,0.0136
1292,Node1292,Community15,8,0.0157
1293,Node1293,Community21,11,0.015
1294,Node1294,Community15,5,0.0229
1295,Node1295,Community18,17,0.0093
1296,Node1296,Community8,7,0.0214
1297,Node1297,Community29,8,0.0179
1298,Node1298,Community22,18,0.0129
1299,Node1299,Community3,8,0.0214
1300,Node1300,Community10,11,0.0172
1301,Node1301,Community30,19,0.0057
1302,Node1302,Community17,19,0.02
1303,Node1303,Community26,19,0.0136
1304,Node1304,Community27,9,0.0129
1305,Node1305,Community16,10,0.0214
1306,Node1306,Community20,20,0.0172
1307,Node1307,Community18,6,0.0129
1308,Node1308,Community30,10,0.0143
1309,Node1309,Community12,15,0.0172
1310,Node1310,Community3,14,0.0179
1311,Node1311,Community3,20,0.0207
1312,Node1312,Community6,15,0.0186
1313,Node1313,Community28,18,0.015
1314,Node1314,Community4,5,0.0214
1315,Node1315,Community19,17,0.0164
1316,Node1316,Community12,7,0.0114
1317,Node1317,Community20,7,0.0136
1318,Node1318,Community17,6,0.0186
1319,Node1319,Community18,11,0.0129
1320,Node1320,Community16,9,0.0207
1321,Node1321,Community20,19,0.0186
1322,Node1322,Community14,19,0.015
1323,Node1323,Community6,20,0.015
1324,Node1324,Community20,10,0.0172
1325,Node1325,Community22,10,0.015
1326,Node1326,Community6,10,0.0129
1327,Node1327,Community20,10,0.0193
1328,Node1328,Community20,9,0.0164
1329,Node1329,Community6,10,0.0172
1330,Node1330,Community17,15,0.0114
1331,Node1331,Community20,7,0.0179
1332,Node1332,Community10,18,0.015
1333,Node1333,Community27,8,0.0136
1334,Node1334,Community10,5,0.0122
1335,Node1335,Community1,17,0.0086
1336,Node1336,Community7,19,0.0157
1337,Node1337,Community28,9,0.0172
1338,Node1338,Community2,19,0.0107
1339,Node1339,Community26,5,0.0172
1340,Node1340,Community24,5,0.0136
1341,Node1341,Community7,8,0.02
1342,Node1342,Community3,20,0.0193
1343,Node1343,Community19,5,0.0143
1344,Node1344,Community29,19,0.0122
1345,Node1345,Community12,13,0.0114
1346,Node1346,Community23,8,0.0129
1347,Node1347,Community29,16,0.0136
1348,Node1348,Community27,7,0.015
1349,Node1349,Community1,14,0.0157
1350,Node1350,Community4,19,0.0164
1351,Node1351,Community21,7,0.015
1352,Node1352,Community12,12,0.0114
1353,Node1353,Community13,8,0.0129
1354,Node1354,Community26,19,0.0193
1355,Node1355,Community17,15,0.0129
1356,Node1356,Community18,10,0.0122
1357,Node1357,Community28,7,0.0264
1358,Node1358,Community14,13,0.01
1359,Node1359,Community4,7,0.0193
1360,Node1360,Community8,14,0.0164
1361,Node1361,Community15,11,0.0214
1362,Node1362,Community7,11,0.0186
1363,Node1363,Community17,19,0.0193
1364,Node1364,Community8,10,0.0207
1365,Node1365,Community21,19,0.0179
1366,Node1366,Community27,11,0.0172
1367,Node1367,Community13,5,0.0157
1368,Node1368,Community12,15,0.0122
1369,Node1369,Community15,11,0.0143
1370,Node1370,Community9,7,0.0179
1371,Node1371,Community13,20,0.0193
1372,Node1372,Community8,13,0.0179
1373,Node1373,Community26,12,0.0143
1374,Node1374,Community6,15,0.0136
1375,Node1375,Community24,11,0.0136
1376,Node1376,Community12,9,0.0143
1377,Node1377,Community17,12,0.0157
1378,Node1378,Community26,16,0.02
1379,Node1379,Community9,13,0.0136
1380,Node1380,Community24,17,0.0136
1381,Node1381,Community30,9,0.01
1382,Node1382,Community27,5,0.0114
1383,Node1383,Community6,12,0.0129
1384,Node1384,Community16,20,0.0172
1385,Node1385,Community9,7,0.0193
1386,Node1386,Community7,18,0.0186
1387,Node1387,Community27,12,0.0122
1388,Node1388,Community16,19,0.0222
1389,Node1389,Community8,7,0.0222
1390,Node1390,Community19,14,0.0136
1391,Node1391,Community19,19,0.0164
1392,Node1392,Community4,9,0.0107
1393,Node1393,Community24,9,0.0143
1394,Node1394,Community4,6,0.015
1395,Node1395,Community8,16,0.0179
1396,Node1396,Community7,12,0.015
1397,Node1397,Community16,7,0.0214
1398,Node1398,Community18,11,0.0093
1399,Node1399,Community8,9,0.0172
